,mae,rmse,binary_accuracy,ordinal_accuracy,exact_accuracy
Baseline,0.6141830048189036,0.7263185488163812,0.6177138531415595,1.0,0.4375473126419379
Random Forest,0.6113144221960947,0.7314309628312868,0.6139288417865254,0.9931869795609387,0.4405753217259652
XGBoost,0.612222082862161,0.7331100131447045,0.6101438304314913,0.991672975018925,0.43830431491294475
