{
    "psqi_pre_score": 0.056333646178245544,
    "walking_minutes": 0.04760906845331192,
    "personality_agreeableness": 0.03911683335900307,
    "personality_extraversion": 0.03721822053194046,
    "personality_openness": 0.036518849432468414,
    "first_unlock_hour": 0.03503558412194252,
    "conversation_ratio": 0.03162313997745514,
    "peak_activity_hour": 0.02928416058421135,
    "last_active_app_hour": 0.02640484645962715,
    "mobility_radius": 0.02344110608100891,
    "activity_bout_count": 0.023259272798895836,
    "running_minutes": 0.022228237241506577,
    "personality_neuroticism": 0.020620983093976974,
    "app_diversity_count": 0.019409632310271263,
    "study_hours_today": 0.01681014709174633,
    "social_audio_evening": 0.015836965292692184,
    "location_entropy": 0.015685461461544037,
    "last_unlock_hour": 0.015603281557559967,
    "personality_conscientiousness": 0.013437872752547264,
    "avg_session_duration_min": 0.012159397825598717,
    "stress_level": 0.011975611560046673,
    "unique_locations_count": 0.010136038064956665,
    "stationary_ratio": 0.009876146912574768,
    "silence_ratio": 0.007860945537686348,
    "unlock_count_daytime": 0.006080332212150097,
    "mood_happy": 0.004849296063184738,
    "app_social_min": 0.004157434217631817,
    "app_study_sessions": 0.0036858513485640287,
    "social_contacts": 0.003577466355636716,
    "app_entertainment_evening_min": 0.003217556979507208,
    "unlock_count_evening": 0.0031217033974826336,
    "day_of_week": 0.0030854688957333565,
    "screen_sessions_count": 0.002665039384737611,
    "unlock_count_late_night": 0.0013578487560153008,
    "mood_tired": 0.0010169071611016989,
    "app_late_night_min": 0.0008129908237606287,
    "exercise_self_report": 0.00040187418926507235,
    "exercise_detected": 0.00014660676242783666,
    "is_weekend": 0.0
}